x,y,z,type
-1,91,-46,resource_farms:copper_farm
-2,91,-46,resource_farms:copper_farm
-47,18,2,minecraft:mob_spawner
44,7,-40,minecraft:mob_spawner
-44,-16,47,minecraft:mob_spawner
-14,-57,62,minecraft:sculk_catalyst
-14,-57,60,minecraft:sculk_catalyst
-96,-12,-22,minecraft:mob_spawner
-89,-41,26,minecraft:sculk_sensor
-95,-42,26,minecraft:sculk_sensor
-85,-42,27,minecraft:sculk_catalyst
-96,-42,27,minecraft:sculk_sensor
-94,-40,27,minecraft:sculk_sensor
-85,-40,29,minecraft:sculk_sensor
-77,-21,36,minecraft:mob_spawner
-102,-19,-12,minecraft:sculk_sensor
-100,-19,-15,minecraft:sculk_sensor
-101,-18,-16,minecraft:sculk_catalyst
-102,-19,-13,minecraft:sculk_sensor
-101,-19,-13,minecraft:sculk_catalyst
-97,-42,27,minecraft:sculk_catalyst
-97,-41,28,minecraft:sculk_sensor
-117,-12,-1,minecraft:sculk_shrieker
-113,-46,15,minecraft:sculk_catalyst
-124,-36,24,minecraft:sculk_catalyst
-125,-34,26,minecraft:sculk_sensor
-119,-48,25,minecraft:mob_spawner
-125,-36,54,minecraft:sculk_sensor
-121,-14,49,minecraft:sculk_sensor
-138,-14,42,minecraft:sculk_sensor
8,-51,83,minecraft:mob_spawner
-133,-37,59,minecraft:sculk_sensor
-131,-40,52,minecraft:sculk_shrieker
-131,-39,54,minecraft:sculk_sensor
-140,-35,49,minecraft:sculk_catalyst
-131,-39,53,minecraft:sculk_catalyst
-129,-40,49,minecraft:sculk_sensor
-130,-38,55,minecraft:sculk_sensor
-135,-41,77,minecraft:sculk_sensor
-134,-42,75,minecraft:sculk_catalyst
-136,-39,79,minecraft:sculk_sensor
-136,-41,75,minecraft:sculk_sensor
-133,-22,73,minecraft:sculk_sensor
-130,-22,70,minecraft:sculk_shrieker
-132,-22,69,minecraft:sculk_shrieker
-134,-39,79,minecraft:sculk_sensor
-133,-40,77,minecraft:sculk_sensor
-135,-39,82,minecraft:sculk_catalyst
-138,-26,90,minecraft:sculk_sensor
-136,-22,83,minecraft:sculk_sensor
-137,-23,86,minecraft:sculk_sensor
-134,-38,81,minecraft:sculk_sensor
-89,-44,103,minecraft:sculk_sensor
-88,-44,103,minecraft:sculk_sensor
-83,-44,102,minecraft:sculk_sensor
-88,-44,104,minecraft:sculk_sensor
-88,-44,105,minecraft:sculk_catalyst
-155,-35,-6,minecraft:sculk_sensor
-157,-36,-5,minecraft:sculk_sensor
-159,-37,-4,minecraft:sculk_sensor
-154,-34,-2,minecraft:sculk_catalyst
-155,-34,-7,minecraft:sculk_sensor
-155,-35,-5,minecraft:sculk_sensor
-155,-31,7,minecraft:sculk_sensor
-155,-32,9,minecraft:sculk_sensor
-153,-33,4,minecraft:sculk_sensor
-154,-33,4,minecraft:sculk_sensor
-149,-31,28,minecraft:sculk_sensor
-154,-28,45,minecraft:sculk_sensor
-147,-29,52,minecraft:sculk_sensor
-154,-40,52,minecraft:sculk_sensor
-156,-50,-120,minecraft:sculk_sensor
-158,-47,-126,minecraft:sculk_shrieker
-159,-47,-125,minecraft:sculk_sensor
-156,-50,-121,minecraft:sculk_sensor
-150,-5,-68,minecraft:sculk_sensor
-158,-5,-73,minecraft:sculk_sensor
-151,-5,-70,minecraft:sculk_catalyst
-157,-6,-70,minecraft:sculk_sensor
-151,-6,-68,minecraft:sculk_sensor
-156,-6,-71,minecraft:sculk_sensor
-150,-3,-76,minecraft:sculk_sensor
126,31,99,minecraft:mob_spawner
-156,-24,89,minecraft:sculk_sensor
-156,-43,91,minecraft:sculk_sensor
-153,-52,94,minecraft:sculk_sensor
-158,-25,91,minecraft:sculk_catalyst
-151,-34,91,minecraft:sculk_shrieker
-156,-25,91,minecraft:sculk_catalyst
-156,-26,93,minecraft:sculk_sensor
-153,-52,92,minecraft:sculk_shrieker
-120,-38,105,minecraft:sculk_catalyst
-128,-38,110,minecraft:sculk_sensor
-134,-38,111,minecraft:sculk_sensor
-137,-22,101,minecraft:sculk_sensor
-143,-24,103,minecraft:sculk_sensor
-129,-38,111,minecraft:sculk_sensor
-132,-39,110,minecraft:sculk_catalyst
-149,-40,99,minecraft:sculk_sensor
-153,-42,98,minecraft:sculk_sensor
-153,-37,99,minecraft:sculk_sensor
-151,-35,100,minecraft:sculk_sensor
-156,-29,98,minecraft:sculk_sensor
-158,-29,96,minecraft:sculk_sensor
-148,-36,99,minecraft:sculk_sensor
-154,-37,98,minecraft:sculk_sensor
-156,-15,109,minecraft:sculk_sensor
-156,-18,107,minecraft:sculk_sensor
-166,34,-79,minecraft:mob_spawner
-169,-13,-37,minecraft:sculk_sensor
-176,-13,-31,minecraft:sculk_sensor
-169,-51,-7,minecraft:sculk_catalyst
-172,-53,-8,minecraft:sculk_sensor
-173,-48,1,minecraft:sculk_shrieker
-169,-47,3,minecraft:sculk_sensor
-161,-45,-127,minecraft:sculk_sensor
-161,-46,-126,minecraft:sculk_sensor
-163,-45,-124,minecraft:sculk_catalyst
-162,32,-117,minecraft:mob_spawner
-162,-45,-126,minecraft:sculk_sensor
-164,-44,-128,minecraft:sculk_sensor
115,16,-204,minecraft:mob_spawner
-164,-24,51,minecraft:sculk_catalyst
-162,-30,51,minecraft:sculk_sensor
-167,-33,63,minecraft:sculk_sensor
-162,-37,53,minecraft:sculk_sensor
-163,-37,54,minecraft:sculk_catalyst
-168,-25,66,minecraft:sculk_sensor
-164,-32,70,minecraft:sculk_sensor
-167,-31,67,minecraft:sculk_catalyst
-174,-37,69,minecraft:sculk_catalyst
-167,-39,108,minecraft:sculk_catalyst
-164,-46,123,minecraft:sculk_sensor
-165,-49,121,minecraft:sculk_sensor
-167,-50,123,minecraft:sculk_sensor
-164,-50,124,minecraft:sculk_sensor
-168,-46,126,minecraft:sculk_shrieker
-163,-46,124,minecraft:sculk_sensor
-176,-45,125,minecraft:sculk_sensor
-164,-49,123,minecraft:sculk_catalyst
-146,113,113,minecraft:beehive
-133,-39,114,minecraft:sculk_catalyst
-134,-39,113,minecraft:sculk_sensor
-134,-39,114,minecraft:sculk_shrieker
-130,-37,112,minecraft:sculk_sensor
-180,-25,70,minecraft:sculk_sensor
-181,-20,71,minecraft:sculk_sensor
-180,-21,69,minecraft:sculk_sensor
-182,-21,71,minecraft:sculk_sensor
-187,-24,72,minecraft:sculk_shrieker
-185,-28,69,minecraft:sculk_catalyst
-187,-22,72,minecraft:sculk_sensor
-99,-43,130,minecraft:sculk_catalyst
-97,-40,135,minecraft:sculk_sensor
-97,-43,133,minecraft:sculk_sensor
-190,39,-81,minecraft:mob_spawner
-180,93,-120,minecraft:beehive
-192,-17,-58,minecraft:sculk_sensor
-177,-16,-36,minecraft:sculk_sensor
-186,-17,-30,minecraft:sculk_sensor
-177,-16,-31,minecraft:sculk_sensor
-182,-17,-30,minecraft:sculk_catalyst
-181,-16,-29,minecraft:sculk_sensor
-181,-17,-31,minecraft:sculk_sensor
-182,-16,-29,minecraft:sculk_sensor
63,-43,142,minecraft:sculk_sensor
63,-42,138,minecraft:sculk_shrieker
-144,-46,142,minecraft:sculk_sensor
-162,-45,142,minecraft:sculk_sensor
-163,-41,134,minecraft:sculk_sensor
-168,-38,132,minecraft:sculk_sensor
-164,-40,133,minecraft:sculk_sensor
-176,-45,133,minecraft:sculk_shrieker
-176,-46,129,minecraft:sculk_catalyst
-176,-45,134,minecraft:sculk_sensor
-164,-43,143,minecraft:sculk_sensor
-165,-46,129,minecraft:sculk_sensor
-166,-39,135,minecraft:sculk_sensor
-170,-41,139,minecraft:sculk_sensor
-163,-45,143,minecraft:sculk_sensor
-162,-45,143,minecraft:sculk_sensor
-165,-39,137,minecraft:sculk_sensor
-164,-41,137,minecraft:sculk_sensor
-168,-50,130,minecraft:sculk_sensor
-182,-11,85,minecraft:sculk_sensor
-182,-13,85,minecraft:sculk_catalyst
-182,-12,84,minecraft:sculk_sensor
-184,-21,86,minecraft:sculk_sensor
-186,-18,84,minecraft:sculk_sensor
-183,-14,85,minecraft:sculk_sensor
-181,-9,84,minecraft:sculk_shrieker
-181,-23,98,minecraft:sculk_catalyst
-183,-54,98,minecraft:sculk_catalyst
-178,-24,99,minecraft:sculk_shrieker
-190,-36,104,minecraft:sculk_sensor
-179,-28,102,minecraft:sculk_sensor
-177,-14,115,minecraft:sculk_catalyst
-181,-40,132,minecraft:sculk_sensor
-178,-45,131,minecraft:sculk_sensor
-186,-44,141,minecraft:sculk_sensor
-186,-41,139,minecraft:sculk_sensor
-183,-43,137,minecraft:sculk_shrieker
162,39,143,minecraft:mob_spawner
190,32,111,minecraft:mob_spawner
-208,-10,-9,minecraft:sculk_sensor
-205,-14,-16,minecraft:sculk_sensor
-194,32,29,minecraft:mob_spawner
64,-41,147,minecraft:sculk_sensor
180,-19,-165,minecraft:mob_spawner
-162,-46,155,minecraft:sculk_shrieker
-161,-43,151,minecraft:sculk_catalyst
-145,-46,145,minecraft:sculk_sensor
-145,-46,147,minecraft:sculk_sensor
-144,-46,145,minecraft:sculk_sensor
-194,-19,-55,minecraft:sculk_sensor
-194,-19,-54,minecraft:sculk_sensor
-195,-19,-55,minecraft:sculk_sensor
-195,-17,-52,minecraft:sculk_sensor
-207,-22,-67,minecraft:sculk_sensor
-208,-22,-66,minecraft:sculk_sensor
-200,-50,-99,minecraft:sculk_sensor
-184,-41,145,minecraft:sculk_sensor
-183,-36,154,minecraft:sculk_sensor
-181,-37,153,minecraft:sculk_sensor
-183,-41,146,minecraft:sculk_sensor
-183,-42,144,minecraft:sculk_sensor
-178,-53,149,minecraft:sculk_sensor
-202,-40,75,minecraft:sculk_sensor
-207,-47,73,minecraft:sculk_sensor
-204,-43,85,minecraft:sculk_sensor
-205,-42,88,minecraft:sculk_sensor
-196,-7,96,minecraft:sculk_sensor
-203,-43,102,minecraft:sculk_sensor
-203,-45,97,minecraft:sculk_catalyst
-203,-43,101,minecraft:sculk_sensor
-203,-42,103,minecraft:sculk_catalyst
-206,-43,112,minecraft:sculk_catalyst
-203,-48,126,minecraft:sculk_sensor
-206,-48,121,minecraft:sculk_catalyst
-195,16,141,minecraft:mob_spawner
-203,-41,129,minecraft:sculk_sensor
174,34,145,minecraft:mob_spawner
28,-14,-247,minecraft:mob_spawner
-223,-48,-63,minecraft:sculk_sensor
-219,-46,-63,minecraft:sculk_sensor
-216,-44,-64,minecraft:sculk_sensor
-220,-48,-64,minecraft:sculk_sensor
-222,-48,-63,minecraft:sculk_sensor
-220,-46,-62,minecraft:sculk_sensor
-223,-22,-54,minecraft:sculk_catalyst
-221,-46,-62,minecraft:sculk_catalyst
-224,-22,-56,minecraft:sculk_sensor
-220,-31,-40,minecraft:sculk_sensor
-216,-32,-42,minecraft:sculk_catalyst
-222,-29,-38,minecraft:sculk_sensor
-217,-19,-17,minecraft:sculk_catalyst
-210,-17,-17,minecraft:sculk_sensor
-213,-15,-9,minecraft:sculk_sensor
-214,-18,-16,minecraft:sculk_sensor
-212,-17,-16,minecraft:sculk_sensor
-213,-13,-8,minecraft:sculk_sensor
-211,-11,-8,minecraft:sculk_sensor
-209,-9,-7,minecraft:sculk_sensor
-219,-49,-2,minecraft:sculk_sensor
-212,-14,-9,minecraft:sculk_sensor
-210,-8,-5,minecraft:sculk_sensor
-223,-18,-10,minecraft:sculk_sensor
-218,-18,-13,minecraft:sculk_sensor
-212,-12,-8,minecraft:sculk_sensor
-212,-15,-10,minecraft:sculk_sensor
-222,31,-125,minecraft:mob_spawner
-209,-22,-66,minecraft:sculk_sensor
193,-12,54,minecraft:mob_spawner
-128,-9,166,minecraft:mob_spawner
-210,-41,94,minecraft:sculk_sensor
-214,-43,111,minecraft:sculk_sensor
-210,-47,114,minecraft:sculk_shrieker
-212,-43,113,minecraft:sculk_catalyst
-221,34,-176,minecraft:mob_spawner
199,-53,-106,minecraft:mob_spawner
-210,8,158,minecraft:mob_spawner
-216,-51,157,minecraft:sculk_sensor
-214,-51,157,minecraft:sculk_catalyst
-217,-51,159,minecraft:sculk_sensor
195,-45,-232,minecraft:mob_spawner
-218,-51,160,minecraft:sculk_sensor
-205,-44,167,minecraft:sculk_catalyst
-207,-43,169,minecraft:sculk_sensor
-236,-19,75,minecraft:sculk_sensor
-235,-19,75,minecraft:sculk_sensor
-227,-27,95,minecraft:sculk_sensor
-228,-22,89,minecraft:sculk_sensor
-229,-22,88,minecraft:sculk_shrieker
-230,-22,86,minecraft:sculk_catalyst
-226,-20,91,minecraft:sculk_catalyst
-229,-28,104,minecraft:sculk_sensor
-226,73,-96,minecraft:mob_spawner
-237,-3,-93,minecraft:mob_spawner
-238,-46,-67,minecraft:sculk_sensor
-238,-45,-66,minecraft:sculk_sensor
-235,-49,-67,minecraft:sculk_shrieker
-238,-41,-62,minecraft:sculk_sensor
-234,-45,-64,minecraft:sculk_sensor
-239,-40,-63,minecraft:sculk_sensor
-239,-41,-64,minecraft:sculk_sensor
-227,-3,-57,minecraft:mob_spawner
-226,-46,-63,minecraft:sculk_sensor
-227,-34,-43,minecraft:sculk_catalyst
-229,-33,-38,minecraft:sculk_catalyst
-233,-33,-42,minecraft:sculk_sensor
219,-33,-171,minecraft:mob_spawner
-81,-14,181,minecraft:mob_spawner
150,-51,-271,minecraft:mob_spawner
187,6,176,minecraft:mob_spawner
-235,-18,-3,minecraft:sculk_sensor
-231,-41,-13,minecraft:sculk_sensor
-232,-19,-9,minecraft:sculk_sensor
-233,-7,3,minecraft:sculk_catalyst
-126,-40,-270,minecraft:sculk_sensor
-216,-49,-263,minecraft:sculk_catalyst
-230,-54,-113,minecraft:sculk_sensor
-227,-50,-97,minecraft:sculk_sensor
-238,-55,150,minecraft:sculk_catalyst
-131,-40,-271,minecraft:sculk_sensor
-130,-40,-272,minecraft:sculk_sensor
-232,7,169,minecraft:mob_spawner
-236,6,177,minecraft:mob_spawner
227,33,142,minecraft:mob_spawner
0,91,-46,resource_farms:copper_farm
