x,y,z,visibility,load_status,entity_count
0,5,0,TICKING,LOADED,1
-10,1,-5,TICKING,LOADED,1
-1,1,-10,TICKING,LOADED,1
-1,4,-10,TICKING,LOADED,3
-9,9,0,TICKING,LOADED,1
4,3,-7,TICKING,LOADED,1
2,1,-6,TICKING,LOADED,2
-5,-1,-2,TICKING,LOADED,1
12,2,6,TRACKED,LOADED,1
0,0,-8,TICKING,LOADED,2
0,1,-8,TICKING,LOADED,1
3,5,-2,TICKING,LOADED,1
-3,2,-8,TICKING,LOADED,2
0,-3,-16,TRACKED,LOADED,3
2,-1,-4,TICKING,LOADED,1
9,1,4,TICKING,LOADED,1
-6,6,3,TICKING,LOADED,1
-4,2,-8,TICKING,LOADED,1
3,1,-7,TICKING,LOADED,2
-4,3,-4,TICKING,LOADED,2
-4,-1,-4,TICKING,LOADED,3
0,0,-3,TICKING,LOADED,1
0,-1,-3,TICKING,LOADED,3
4,0,-16,TRACKED,LOADED,1
-15,7,4,TRACKED,LOADED,2
-7,5,-17,TRACKED,LOADED,1
-12,5,-10,TICKING,LOADED,1
-1,0,-1,TICKING,LOADED,1
-1,4,-1,TICKING,LOADED,1
-1,5,-1,TICKING,LOADED,2
-3,4,-9,TICKING,LOADED,1
1,1,-5,TICKING,LOADED,1
-3,-2,2,TICKING,LOADED,1
-14,-1,-6,TRACKED,LOADED,1
9,2,7,TICKING,LOADED,1
2,3,-1,TICKING,LOADED,1
-13,5,10,TRACKED,LOADED,2
-2,1,-8,TICKING,LOADED,1
0,0,2,TICKING,LOADED,1
0,6,-2,TICKING,LOADED,1
-14,8,-4,TRACKED,LOADED,1
8,0,-13,TICKING,LOADED,1
-1,1,-9,TICKING,LOADED,1
1,1,3,TICKING,LOADED,1
-3,-1,-14,TICKING,LOADED,1
-3,3,-5,TICKING,LOADED,5
2,3,10,TRACKED,LOADED,1
-2,4,-11,TICKING,LOADED,3
1,0,-8,TICKING,LOADED,2
1,1,-8,TICKING,LOADED,1
3,0,-1,TICKING,LOADED,1
3,5,-1,TICKING,LOADED,1
-9,4,-11,TICKING,LOADED,1
13,-1,6,TRACKED,LOADED,1
2,1,0,TICKING,LOADED,2
-10,5,-9,TICKING,LOADED,3
-6,-1,-3,TICKING,LOADED,1
-7,4,1,TICKING,LOADED,1
-7,5,1,TICKING,LOADED,1
-15,0,10,TRACKED,LOADED,1
-15,5,-6,TRACKED,LOADED,1
-12,2,-6,TICKING,LOADED,1
-14,2,-8,TRACKED,LOADED,1
-14,7,-8,TRACKED,LOADED,1
3,3,10,TRACKED,LOADED,1
-3,0,-3,TICKING,LOADED,2
-3,3,-3,TICKING,LOADED,7
-4,-2,1,TICKING,LOADED,1
-8,5,-9,TICKING,LOADED,1
-15,0,5,TRACKED,LOADED,1
-6,5,0,TICKING,LOADED,1
-5,1,-3,TICKING,LOADED,2
-5,4,-3,TICKING,LOADED,4
1,2,-3,TICKING,LOADED,1
1,-2,-3,TICKING,LOADED,1
1,-1,-3,TICKING,LOADED,2
0,-1,-4,TICKING,LOADED,1
-15,4,-9,TRACKED,LOADED,2
-14,5,-10,TRACKED,LOADED,1
-1,0,-3,TICKING,LOADED,2
-1,5,-3,TICKING,LOADED,1
-1,-1,-3,TICKING,LOADED,1
-3,-2,-1,TICKING,LOADED,1
3,1,0,TICKING,LOADED,1
3,4,0,TICKING,LOADED,1
-14,5,-15,TRACKED,LOADED,1
-13,9,-1,TICKING,LOADED,1
-2,-1,-7,TICKING,LOADED,2
-11,5,-10,TICKING,LOADED,1
0,1,-1,TICKING,LOADED,1
-14,9,-2,TRACKED,LOADED,1
-6,4,1,TICKING,LOADED,1
-14,5,6,TRACKED,LOADED,1
-4,5,3,TICKING,LOADED,4
1,1,-7,TICKING,LOADED,2
-11,1,-11,TICKING,LOADED,1
-3,3,-2,TICKING,LOADED,1
2,0,-5,TICKING,LOADED,2
2,1,-5,TICKING,LOADED,3
2,-1,-5,TICKING,LOADED,1
4,1,0,TICKING,LOADED,4
4,2,0,TICKING,LOADED,1
13,2,5,TRACKED,LOADED,1
-9,2,-9,TICKING,LOADED,1
-9,5,-9,TICKING,LOADED,2
-15,4,11,TRACKED,LOADED,2
-4,2,-5,TICKING,LOADED,1
-4,-1,-5,TICKING,LOADED,1
-3,5,3,TICKING,LOADED,2
3,4,-4,TICKING,LOADED,1
3,-1,-4,TICKING,LOADED,2
-2,-1,-4,TICKING,LOADED,1
4,1,-1,TICKING,LOADED,1
-7,6,4,TICKING,LOADED,1
0,5,10,TRACKED,LOADED,1
-4,1,0,TICKING,LOADED,2
1,2,-4,TICKING,LOADED,1
1,-2,-4,TICKING,LOADED,1
1,-1,-4,TICKING,LOADED,1
-11,1,-8,TICKING,LOADED,1
-12,5,-9,TICKING,LOADED,1
-1,0,-5,TICKING,LOADED,1
-1,5,-5,TICKING,LOADED,2
-14,5,-11,TRACKED,LOADED,1
5,3,-8,TICKING,LOADED,3
-2,0,1,TICKING,LOADED,4
-3,4,-12,TICKING,LOADED,1
-4,5,2,TICKING,LOADED,1
-2,0,-3,TICKING,LOADED,4
-14,9,-1,TRACKED,LOADED,2
0,0,-5,TICKING,LOADED,3
1,1,-6,TICKING,LOADED,5
-13,7,-17,TRACKED,LOADED,3
-15,0,6,TRACKED,LOADED,1
-14,9,4,TRACKED,LOADED,1
1,1,-1,TICKING,LOADED,2
1,-1,-1,TICKING,LOADED,1
3,1,-5,TICKING,LOADED,1
12,0,-7,TRACKED,LOADED,2
-3,0,-4,TICKING,LOADED,1
-3,3,-4,TICKING,LOADED,9
-10,1,-10,TICKING,LOADED,1
-10,5,-10,TICKING,LOADED,2
2,1,-7,TICKING,LOADED,1
2,0,-3,TICKING,LOADED,1
-10,2,-6,TICKING,LOADED,2
-11,1,-3,TICKING,LOADED,1
