x,y,z,uuid,type,alive,display_name,custom_name
-14.423368763232281,76.0,-14.729452486864025,0f5b190f-118f-4d6c-a908-f8b793c25624,minecraft:wolf,true,Wolf,[null]
-7.5,8.0625,-14.5,d8d29c81-629b-4ead-8ad3-d9a5b9986942,minecraft:chest_minecart,true,Minecart with Chest,[null]
-6.784899819995543,86.0,-2.178172703953657,3dd56650-a23d-4951-ac54-4f3357b6cc13,minecraft:pig,true,Pig,[null]
-5.764399526964101,88.0,-10.729998676031387,0612e8d2-f543-405f-84a8-4bdcc691fd58,minecraft:pig,true,Pig,[null]
1.2533385354127373,91.0,2.5088714230505644,b75e8274-05f4-4947-9c5f-ab659158f66f,minecraft:pig,true,Pig,[null]
-19.5,3.0625,30.5,e4158bde-1710-49f5-a5e9-c1e2a8815454,minecraft:chest_minecart,true,Minecart with Chest,[null]
18.41922038953796,19.100000023841858,-9.185818018234245,716581d0-9f6d-46bd-9901-6c1294b6f8d9,minecraft:bat,true,Bat,[null]
21.5,-0.9375,-15.5,5c9236a1-72b9-487e-b717-50cdf089248c,minecraft:chest_minecart,true,Minecart with Chest,[null]
47.4987609666883,30.0,4.0,a690e5a7-495c-4af4-bc0a-21a6a1fc4716,minecraft:axolotl,true,Axolotl,[null]
-47.373960351071005,62.07693162171219,-42.896355217057284,d86faf66-1e63-4a53-9ca8-a7e6462b64e5,minecraft:salmon,true,Salmon,[null]
-46.5,-26.9375,-8.5,973822aa-a998-4699-a1fc-af5e79ad39d7,minecraft:chest_minecart,true,Minecart with Chest,[null]
-27.352702232077718,3.613900647033006,-42.33576595131308,cc812c5d-1e43-4775-939a-c77a5f42b65f,minecraft:glow_squid,true,Glow Squid,[null]
-13.287423271070221,-6.930032213222901,-43.47747148802617,cda36c5e-d303-4c40-ba53-baf5b8c0d307,minecraft:bat,true,Bat,[null]
15.314388707006183,96.0,-31.53147412251745,01d83939-d0b1-4ad6-be79-ea18ba5a3553,minecraft:pig,true,Pig,[null]
1.501029066828334,-3.0,-43.712857180665445,bf10c38f-2255-4086-856b-71d5d6562837,minecraft:skeleton,true,Skeleton,[null]
22.2159461628268,-31.0,-44.21967028850035,1377d1dd-cc9d-4fe5-9c61-168d7bc62592,minecraft:enderman,true,Enderman,[null]
-52.21926216138762,80.0,43.117418400297794,d8e5450d-aa42-48a3-963e-daa224b185a8,minecraft:chicken,true,Chicken,[null]
-42.5,-20.9375,46.5,cf1fb94a-9c14-4b90-96f0-46a3e210c9da,minecraft:chest_minecart,true,Minecart with Chest,[null]
61.43330977496733,81.0,-19.09626505549734,ba4f5065-c3d0-4fc0-a418-2a5d9971cbb9,minecraft:fox,true,Fox,[null]
63.43744292003758,84.0,-11.496239584565444,22ffcbff-c257-42b9-ab0e-4c00b6b79961,minecraft:fox,true,Fox,[null]
-37.247700185871686,80.0,59.83078676483292,2d9e1d0e-84ad-4494-9ccd-aa4ecfc8f187,minecraft:chicken,true,Chicken,[null]
-1.4495327451057227,91.0,-47.73949359452798,380df991-f603-344c-a090-369bad2a924a,minecraft:player,true,Dev,[null]
-13.455383508505546,6.0,-68.24969254822199,2812f4cc-4b26-44db-8fb4-11eb6f3b4394,minecraft:skeleton,true,Skeleton,[null]
-14.009359593652128,82.0,-74.86470570431939,2ee8d854-96c4-4f80-a117-39087407a277,minecraft:item,true,Arrow,[null]
-14.84789377368912,82.0,-73.40507268376221,38d8c016-e918-49ca-810e-da6e21bc1538,minecraft:item,true,Bone,[null]
5.2493611527982535,0.0,-77.45544710078994,5cfd1842-852a-4ac2-83b9-0153d270d386,minecraft:zombie,true,Zombie,[null]
13.5,0.0,-77.5,a0018cd5-3a8b-4238-b618-cca858485e74,minecraft:skeleton,true,Skeleton,[null]
-19.290234561920286,-16.0,-62.49897544843588,f601d898-ce72-4c0c-8dc9-9983f7688e85,minecraft:skeleton,true,Skeleton,[null]
38.17320585967039,23.0,-99.23007741513969,846c3354-e22d-4df0-ac56-2d8ac8cfaae9,minecraft:skeleton,true,Skeleton,[null]
-62.87693906333671,20.0,14.875,f5135c17-8809-4062-a5ce-94091f4486d4,minecraft:item,true,Gravel,[null]
-58.94038147047058,22.0,14.483312999680132,ca7bfd7f-496a-4b83-80e6-0226a29acf94,minecraft:item,true,Gravel,[null]
-52.5,-21.9375,17.5,2e324b5a-1a61-4620-8ed8-6c369915b102,minecraft:chest_minecart,true,Minecart with Chest,[null]
63.14675448068414,73.0,-55.63567595802702,48771262-2800-4cf0-901d-0d91e801bfd5,minecraft:creeper,true,Creeper,[null]
18.45297144492557,7.100000023841858,-123.25,5e7c30b7-bf44-4ae5-b57e-95d5ca0bc879,minecraft:bat,true,Bat,[null]
-94.07719403766895,81.0,2.702903454288239,f43e66d1-0712-4e91-8770-e3d810db6687,minecraft:creeper,true,Creeper,[null]
-87.28158570365723,79.0,31.70426288046235,f32b3c2d-9709-49e2-9d5b-3695782fba98,minecraft:skeleton,true,Skeleton,[null]
73.50224789716191,32.0,8.699999988079071,564d5454-8abd-4e5d-b46a-cb65749463b7,minecraft:enderman,true,Enderman,[null]
65.55094681910712,30.0,14.459102706613969,82b70464-dabc-4b99-8ab6-8387e14e8f50,minecraft:enderman,true,Enderman,[null]
73.93726794919934,30.0625,5.1176365408208415,ec95b21b-4566-4434-8049-877fab7def77,minecraft:item,true,Moss Carpet,[null]
73.34112957050733,24.0625,-0.09944237359878312,6b681045-5328-4f0e-93ae-80502004acf0,minecraft:enderman,true,Enderman,[null]
-48.18123686442024,39.0,-124.81876435815454,05681bb3-c739-4af2-896b-c62575a0f5d9,minecraft:drowned,true,Drowned,[null]
-10.796472735634937,0.0,-37.55558131502883,4f910e7d-7882-4fb1-94eb-3666cac20f00,minecraft:creeper,true,Creeper,[null]
-50.8779658995932,85.0,56.13409216170384,187fe9be-11ac-4cbd-8a2d-6ec2438da087,minecraft:chicken,true,Chicken,[null]
-51.68198297237711,84.0,52.15697303306015,befc0d79-8d73-4273-8c08-fb4dcdcf0120,minecraft:item,true,Egg,[null]
-53.457266311601764,86.0,52.28279437136144,62381c8b-558a-4c89-b465-57e86078c54a,minecraft:chicken,true,Chicken,[null]
-96.24470066654506,98.0,67.5456075244788,fb414633-bd10-4bec-aac3-834ff9e1de58,minecraft:pig,true,Pig,[null]
-83.26683305197108,96.0,62.75835151749669,a3fff84a-c06c-4434-9b91-fdf7d8722d12,minecraft:pig,true,Pig,[null]
70.64868059413351,27.0,6.051392087331774,2e084a20-68e0-4d18-b4ac-14b86eba1fbe,minecraft:enderman,true,Enderman,[null]
-117.47717210273453,83.0,-131.82748574285156,d9a6baf8-91e3-4808-9641-a20e1d3a3d92,minecraft:chicken,true,Chicken,[null]
-14.848001641731987,68.0,-146.6759715444705,da79e141-38e5-4e37-97d0-ced9e6c764ba,minecraft:pig,true,Pig,[null]
-14.855853521654687,69.0,-153.44581425673053,edc395ed-b0db-48b0-877a-120562dd3124,minecraft:pig,true,Pig,[null]
-3.97206841540045,70.0,-157.58657647458196,427c28ce-3f99-4ad2-be91-e373eb2db7c0,minecraft:pig,true,Pig,[null]
-41.59793028602941,64.0,-143.50098720516255,a1e18296-8e96-4c4f-abb8-7a55da0011cd,minecraft:wolf,true,Wolf,[null]
-21.706745848448907,64.0,-170.712813876691,31dccc1f-4fa6-4180-844f-d92475867a2f,minecraft:pig,true,Pig,[null]
-27.761384295621294,70.0,-160.17655521285437,7271c59a-a171-43f1-8b1f-5540d7a36054,minecraft:sheep,true,Sheep,[null]
-26.20598438564922,70.0,-163.26578789192578,bf9197a0-f18e-4818-8235-61563139ba5f,minecraft:sheep,true,Sheep,[null]
-143.5,33.0625,-128.5,62bee413-a43a-4b94-8726-aa9df7f3b4a2,minecraft:chest_minecart,true,Minecart with Chest,[null]
-135.81407632696343,85.0,-137.50375698666963,9a6b83f1-2558-4dad-bdc3-49d5fd1f87fa,minecraft:chicken,true,Chicken,[null]
-128.28623224273682,76.0,-162.51682837124707,0fcb11cf-f56d-41a9-a978-bd05eaec1c35,minecraft:sheep,true,Sheep,[null]
-45.2574563392693,69.0,-180.2562156302114,ba065a86-2bb2-4cbf-975d-d67ac3e74952,minecraft:wolf,true,Wolf,[null]
-141.541092941889,153.0,6.35030733636491,cf645f9e-3977-4f5d-82e9-abc7db17445a,minecraft:goat,true,Goat,[null]
-153.5,28.0625,-151.5,05bd6f9a-3172-4a77-9f3e-422766f3504f,minecraft:chest_minecart,true,Minecart with Chest,[null]
-157.11942036014,87.0,-150.49955815975318,d2e08672-254f-46e2-a181-c6ea9fcfef1c,minecraft:chicken,true,Chicken,[null]
-156.66014442286263,86.0,-150.58074002363622,1e39ea57-9d1c-43e1-bf3e-97f5a6e8add6,minecraft:item,true,Egg,[null]
-141.7704076356169,86.0,-139.49923592023907,e647d088-d2c9-41e3-966e-c1d309db3fd2,minecraft:chicken,true,Chicken,[null]
-155.2630367516443,86.0,-135.46304844607826,26b1a334-27dc-4eae-b42e-3c4685873943,minecraft:pig,true,Pig,[null]
-154.21953554702057,86.0,-135.201053863595,f2bc1f37-6ed1-4f67-8a2a-e19c134dfda1,minecraft:pig,true,Pig,[null]
-145.24988752220264,87.0,-140.64713091285353,184f1a99-3521-48e7-95d8-b8cb32557f3a,minecraft:pig,true,Pig,[null]
-152.5,38.0625,-82.5,a9a1ec35-98d4-46e5-a701-bc775073016d,minecraft:chest_minecart,true,Minecart with Chest,[null]
-152.5,37.0625,-88.5,753c827b-b700-4cb1-bd18-1ffd4925a934,minecraft:chest_minecart,true,Minecart with Chest,[null]
-148.5,30.0625,-75.5,85227def-14bb-4c97-b592-af4b94018330,minecraft:chest_minecart,true,Minecart with Chest,[null]
-167.5,30.0625,-42.5,cd6fa833-b0b1-401f-a22c-ab31ce53df64,minecraft:chest_minecart,true,Minecart with Chest,[null]
-174.5,29.0625,-121.5,52f54ec4-6ec7-431c-8dda-9114c9c5866c,minecraft:chest_minecart,true,Minecart with Chest,[null]
132.5,15.0625,-195.5,de47db9f-e0bc-49fc-a447-f7b5092c11df,minecraft:chest_minecart,true,Minecart with Chest,[null]
154.5,24.0625,70.5,3c8cd6a2-fb16-4701-bb1b-93e9ef5380ef,minecraft:chest_minecart,true,Minecart with Chest,[null]
145.5,41.0625,122.5,45cd4483-6445-4eb6-a0fc-7598d0a0dbe8,minecraft:chest_minecart,true,Minecart with Chest,[null]
-187.50611193253312,87.0,-128.44999998807907,1affc25b-23bf-4897-9de6-3225b55e8004,minecraft:cow,true,Cow,[null]
-165.12618697853853,83.0,-157.5379663239041,f8a2db58-0499-4a25-9284-bd26d8f8fee7,minecraft:pig,true,Pig,[null]
-166.5,26.0625,-169.5,17b13f78-4acb-4278-8d72-2e66264569d5,minecraft:chest_minecart,true,Minecart with Chest,[null]
-178.15283511381205,88.0,-146.4960309954579,0c67dca1-de99-498e-8c37-2769bd12a200,minecraft:cow,true,Cow,[null]
-198.55000001192093,159.0,-7.508953005950932,8097ee2d-72c5-426d-a840-0fc07e2950d6,minecraft:goat,true,Goat,[null]
-41.5,-10.9375,-222.5,c745f7d1-ecfa-408b-96cb-d7f66650b828,minecraft:chest_minecart,true,Minecart with Chest,[null]
-187.5,34.0625,-84.5,9465fa3f-7c0f-4e94-bbde-7580c79a5f3f,minecraft:chest_minecart,true,Minecart with Chest,[null]
2.5,-39.0,-244.5,4c4bb8cd-c53f-40d0-a54b-bc26c4f0f8c0,minecraft:falling_block,true,Falling Gravel,[null]
1.5,-40.0,-244.5,3580ddc7-67bd-40bb-91bd-2f42f3271954,minecraft:falling_block,true,Falling Gravel,[null]
0.5,-40.0,-244.5,96687401-1a1e-4e21-b6a9-bbace4628c80,minecraft:falling_block,true,Falling Gravel,[null]
-208.0804542823705,141.84435796601431,-54.57779622565806,16bfe658-42d2-4110-9e1e-40fc1e1699e6,minecraft:bee,true,Bee,[null]
-208.07054855692317,154.94221754197616,-16.121619462538664,22497148-3eac-43d1-bc5d-ab6f8ccb31b5,minecraft:bee,true,Bee,[null]
-208.03793979367285,158.0,-11.00510008245585,8826a5cf-dd5f-4a63-86db-47b2e0abd411,minecraft:goat,true,Goat,[null]
-208.07157966609728,154.0,-13.612093783621985,8eae11b6-1d11-44d3-8e6d-af0b88ebc761,minecraft:goat,true,Goat,[null]
75.5,6.5,-249.5,c07178e7-e74c-4f64-aadb-24fd76a6d5a4,minecraft:chest_minecart,true,Minecart with Chest,[null]
-216.5,32.5,-125.5,a70b1881-0577-4872-8087-d3042e4c9f59,minecraft:chest_minecart,true,Minecart with Chest,[null]
-208.01867705248924,119.07293379618615,-127.78387002950869,bdfb5d4f-33c5-4657-b630-f7db1e286148,minecraft:bee,true,Bee,[null]
-219.5,-7.5,-91.5,c8f85d2e-58c4-4536-bf7d-4c1816d42eca,minecraft:chest_minecart,true,Minecart with Chest,[null]
-208.0381633195525,83.0,-149.06400798561197,3233bc1b-6da7-4563-b993-9571beed7ae5,minecraft:cow,true,Cow,[null]
9.998907822170862,94.0,160.03688577195467,d46e6950-fd0d-4d18-87c0-dd02d80a7ddd,minecraft:cow,true,Cow,[null]
201.5,37.0625,97.5,541786ec-e433-4a83-aaec-e45326abfce6,minecraft:chest_minecart,true,Minecart with Chest,[null]
40.692911517344044,56.0,160.00457634876713,0c54d3fc-22f1-41c3-a35d-195c05d47234,minecraft:drowned,true,Drowned,[null]
56.203209303216624,54.0,160.00036342789866,4ffaa5e0-e9f6-45da-9c80-51e7139d69d4,minecraft:drowned,true,Drowned,[null]
-208.09696687902564,148.0,66.34999999403954,fe6a996b-ad61-4155-8d0a-7b340261ce00,minecraft:bee,true,Bee,[null]
-222.5,92.0,108.5,a3bf7f87-fb38-4c9c-9116-cb13853da6c5,minecraft:falling_block,true,Falling Gravel,[null]
-208.05131076027357,83.0,-161.46725801925308,3fe7ce46-5432-4be8-ad98-103f522b891e,minecraft:cow,true,Cow,[null]
203.5,12.0625,-108.5,07b398a8-394b-434e-8815-356ee81cda8c,minecraft:chest_minecart,true,Minecart with Chest,[null]
196.5,12.0625,-106.5,a13b863a-4741-431d-b791-f5b623ce2359,minecraft:chest_minecart,true,Minecart with Chest,[null]
-211.0,85.0,-225.0,475f7a9e-7ff7-4a34-a95c-a4039dbb8271,minecraft:chicken,true,Chicken,[null]
-198.0,88.0,165.0,3a58e853-0842-40d6-9a87-e1528349732d,minecraft:pig,true,Pig,[null]
-201.0,88.0,168.0,50a113b5-3bba-472c-969c-399c72169046,minecraft:pig,true,Pig,[null]
-101.0,92.0,-271.10000002384186,8f6d1e3c-1e64-46a8-b6b9-6fd9f1e164bb,minecraft:sheep,true,Sheep,[null]
-205.0,114.0,-271.0,5ec6c390-13c0-4c8c-9d30-4788e4b993b3,minecraft:cow,true,Cow,[null]
-205.0,114.0,-271.0,0be3c77a-8862-48d3-8e3a-f89944e3629c,minecraft:cow,true,Cow,[null]
-205.0,114.0,-271.10000002384186,3e752efc-74ed-4802-8ec6-6d5825a9823e,minecraft:cow,true,Cow,[null]
210.5,33.5,93.5,6d4ebe0a-e395-41df-86c3-07399c752d99,minecraft:chest_minecart,true,Minecart with Chest,[null]
212.5,-10.5,107.5,fb773765-25a7-441c-9008-4787b85f1721,minecraft:chest_minecart,true,Minecart with Chest,[null]
-42.8226481839291,60.91186515680768,-47.178795703868296,7403b42d-2542-4cdc-98d8-1d29eb94b81c,minecraft:salmon,true,Salmon,[null]
-44.441206853342194,62.5864389698981,-70.55513269650723,7d481bf6-9680-491c-8f5f-66647891c876,minecraft:salmon,true,Salmon,[null]
-46.49921353397243,62.58293326770614,-43.71432690746542,60b9da22-dfb7-4120-8d39-78195855fea5,minecraft:salmon,true,Salmon,[null]
-37.21095503494984,80.0,59.218937406300675,ec067a6d-f421-461b-82b3-19f89417bfc6,minecraft:item,true,Egg,[null]
53.48117971619826,-9.0,-63.19320533397442,01b225c3-179f-4414-8176-d93119b570ef,minecraft:zombie,true,Zombie,[null]
49.49618660099052,-13.0,-57.81467901485594,0416ec62-9676-45f0-bea1-93c9687d0694,minecraft:zombie,true,Zombie,[null]
47.5,-12.0,-62.5,c9115cc0-b7c7-4b63-8b13-5533ced9d2f5,minecraft:zombie,true,Zombie,[null]
-27.5,-12.0,-111.5,39cb24fc-fb92-4f4f-817a-1d3df62ec973,minecraft:zombie,true,Zombie,[null]
-26.04469846776967,-12.0,-107.57023026426623,09b7c04c-9048-40c1-b899-5c76385a1edd,minecraft:skeleton,true,Skeleton,[null]
-4.505117336686244,18.0,-139.81307685838797,ea2dfdce-7686-4b01-bed0-0caa59bb3972,minecraft:zombie,true,Zombie,[null]
29.5,40.0,-50.5,c957037f-b55b-4326-8afb-17121adf3d62,minecraft:spider,true,Spider,[null]
7.815564603366398,8.100000023841858,-40.04430222959944,b6746e8f-ec44-40e4-bbea-7f21b91d6a37,minecraft:bat,true,Bat,[null]
-100.5,77.0,17.5,93c0c651-b753-4f7a-bc23-10df1f718472,minecraft:skeleton,true,Skeleton,[null]
36.503480381299504,24.0,-75.73090031230281,b495b3a1-e544-4e08-a57a-295fa2cb8d65,minecraft:skeleton,true,Skeleton,[null]
31.5,27.0,-112.5,fdaeebdd-cad3-4b54-9321-1bbbf86c1233,minecraft:creeper,true,Creeper,[null]
14.699999988079071,16.0,-13.50360426626713,72b9d814-5414-4dd8-a666-6f6c711d52b9,minecraft:zombie,true,Zombie,[null]
21.46641715187842,37.0,-45.76953553616976,19916986-7d8d-434e-80ab-04c1b293edef,minecraft:creeper,true,Creeper,[null]
-69.5,26.0,-43.5,0746d42d-b8d9-44cc-a29d-8ad805a88945,minecraft:skeleton,true,Skeleton,[null]
-75.29691361534123,26.0,-42.5,2158f97c-c0d7-4571-bcba-b3c341d2b593,minecraft:skeleton,true,Skeleton,[null]
20.1942318084402,-22.0,-51.4982417855534,7e3678b4-e4c9-46ec-8092-66cc4b8ee9ed,minecraft:creeper,true,Creeper,[null]
24.50143339309644,21.0,48.79921961730563,ab1a1a9b-d07a-417f-b0e3-087236d39b67,minecraft:zombie,true,Zombie,[null]
17.599999994039536,24.096582043217495,-91.20195820943061,911d598d-2bbf-432c-ac85-9ab5169e9880,minecraft:glow_squid,true,Glow Squid,[null]
16.9967359052971,25.0,-83.40000000596046,cc8b133e-731e-4b82-96cc-aafbd434cd41,minecraft:glow_squid,true,Glow Squid,[null]
-70.5,-2.0,-17.5,eeff875b-6543-43fb-8fdf-c6e2ad6cb2f9,minecraft:skeleton,true,Skeleton,[null]
-9.774046405641942,0.0,-35.505774906333215,059cc092-9b69-491b-8dbf-533c62f028aa,minecraft:skeleton,true,Skeleton,[null]
-28.989254154052897,4.0,28.853376809890122,749c48e6-4266-4be3-b00d-8d791ada44a7,minecraft:creeper,true,Creeper,[null]
-19.482092709223643,3.0,25.83215472964256,03f70948-2f08-435e-b6d8-97d70a692b7c,minecraft:creeper,true,Creeper,[null]
-29.221535571927664,7.0,26.526232863223477,307dc2ca-7eac-42b7-8fc8-263c449ca3fa,minecraft:creeper,true,Creeper,[null]
-42.91092115520233,53.062885661341305,-38.24639762661292,8509b129-7802-4f03-9274-3cebf1a9c7dd,minecraft:salmon,true,Salmon,[null]
-47.435474632100785,54.33474542749516,-51.917199834964286,2a6217d2-9ace-4fc5-ab8e-d695c8bbadfd,minecraft:salmon,true,Salmon,[null]
14.5,25.0,-114.5,b49bd4b7-8099-4b20-89b8-c1ce7a22edb7,minecraft:skeleton,true,Skeleton,[null]
-224.5,8.5,102.5,091c509b-d272-494a-a3ab-5618da2a56f3,minecraft:chest_minecart,true,Minecart with Chest,[null]
-226.5,9.5,84.5,e47f0a95-974f-48b8-b7fb-c452f776a882,minecraft:chest_minecart,true,Minecart with Chest,[null]
-238.0,124.0,78.0,016bfb09-5090-4580-b80a-f3be8fa46872,minecraft:goat,true,Goat,[null]
-239.0,123.0,79.0,44274721-7b84-4cd2-a20a-38bc4dc1b348,minecraft:goat,true,Goat,[null]
-238.0,86.0,-93.0,6f865f90-e87a-4565-972c-82b631a8be27,minecraft:cow,true,Cow,[null]
-235.0,78.0,-139.0,cfd1c7c5-b3f9-4447-a395-ca87adf88fbf,minecraft:cow,true,Cow,[null]
-237.0,79.0,-138.0,836480b2-383b-473a-b310-f2b213704b9a,minecraft:cow,true,Cow,[null]
-232.5,7.5,169.5,102ae08d-c6b3-4ea3-852d-36ac4936cad9,minecraft:chest_minecart,true,Minecart with Chest,[null]
-231.0,70.0,191.0,d5145bbc-3450-4bbe-beeb-2cb2c53d2cda,minecraft:sheep,true,Sheep,[null]
-232.0,70.0,189.0,b9ff9c5e-02c6-47ed-a7e8-c8fbc3f98cfe,minecraft:sheep,true,Sheep,[null]
-83.2031511314134,-2.0,-35.21416050030039,cd3bd6d8-2886-4628-9087-dfba37bc1456,minecraft:zombie,true,Zombie,[null]
45.454288787426556,59.0,-6.210176883240472,db7a298f-8e91-4b6b-b7f5-26872631132b,minecraft:zombie,true,Zombie,[null]
48.5,64.0,6.5,faca2fe6-e644-4a05-a4aa-f97277bb02c4,minecraft:creeper,true,Creeper,[null]
-39.5,13.0,-45.5,7a6a23f2-0449-49b6-ab96-8ec0b09fbace,minecraft:creeper,true,Creeper,[null]
-41.232741802373916,13.0,-50.831022092627485,afd42d86-de8e-4524-a4fc-83257a9a9e3e,minecraft:creeper,true,Creeper,[null]
23.5,22.0,-15.5,846c7b9c-12a0-439c-b2bb-5f31734f6c43,minecraft:creeper,true,Creeper,[null]
41.73657783768983,4.0,-77.50962729459775,0599fb18-50e5-4717-8e22-e253594ba65f,minecraft:skeleton,true,Skeleton,[null]
58.23368426914001,23.0,-71.27379772248834,d63772e0-a5dd-4d6a-b1f7-9158e72777db,minecraft:zombie,true,Zombie,[null]
-28.430130108314728,20.70053023039317,-118.09434788416094,7dbafdb0-de2a-4854-9a7f-c40a986a114b,minecraft:bat,true,Bat,[null]
21.468806031408626,18.0,-89.47576003436976,53302a43-d3f2-44c4-86d2-38f88264387c,minecraft:creeper,true,Creeper,[null]
29.41972129304293,22.0,-92.55473449004512,470dcfa4-50d6-4b19-9c08-cb78d89592ff,minecraft:creeper,true,Creeper,[null]
53.12216318101274,30.0,8.260600425586377,5ddfbe11-f815-4f8b-826f-d6b41aa1de92,minecraft:axolotl,true,Axolotl,[null]
46.625,30.0,9.382936132325367,c199d881-ef4e-4983-8791-b803197ed543,minecraft:axolotl,true,Axolotl,[null]
-50.5,38.0,-78.5,ffee0ec2-51be-4393-9332-4fba88231f1b,minecraft:drowned,true,Drowned,[null]
21.5,-10.0,-61.5,3796774d-ab3b-40f7-a990-69b417ec7a27,minecraft:creeper,true,Creeper,[null]
-44.615391808536046,52.000289741046636,-42.85617241021643,3252d39f-d74d-4a5d-ab15-d55291ebef59,minecraft:salmon,true,Salmon,[null]
-43.31035995030943,51.947908255158566,-44.491300285800776,a2f2df60-eef2-466b-8a42-af80286d85e5,minecraft:salmon,true,Salmon,[null]
-43.42156335634146,52.75758633872644,-44.612180108481816,cc9f76ce-ebd8-4a62-8043-6c460a333128,minecraft:salmon,true,Salmon,[null]
23.488629470383025,20.0,-106.21734714705451,7191e958-6892-465b-a703-74d027c7e477,minecraft:creeper,true,Creeper,[null]
35.5,24.0,-74.5,6e8bd765-dc87-4fca-97a2-8be52a8da350,minecraft:creeper,true,Creeper,[null]
35.5,24.0,-76.5,16423233-7bd7-44de-9b03-b0032c562801,minecraft:creeper,true,Creeper,[null]
51.70664490931035,21.100000023841858,-107.27849320633095,e87b39ff-7812-4e32-a43d-7659410f34a3,minecraft:bat,true,Bat,[null]
51.96832354503948,19.115964796287045,-102.45181722684626,54887257-426b-4f93-b320-79dedd4f4eaf,minecraft:bat,true,Bat,[null]
73.5,30.0,6.5,e879c718-0420-4af7-b104-164652ca94e9,minecraft:zombie,true,Zombie,[null]
-34.81572801293805,0.0,-36.274114560335875,7324e495-59d5-456e-9dcd-58194d03551c,minecraft:glow_squid,true,Glow Squid,[null]
-30.19148646388203,0.8544423149432987,-37.25752380792983,1bb32829-8628-4c46-b793-73cab2c4953a,minecraft:glow_squid,true,Glow Squid,[null]
-24.045582168269902,0.0,-44.599999994039536,c1b04380-e0ae-4290-80e7-4a16f06d6907,minecraft:glow_squid,true,Glow Squid,[null]
-30.151762179099023,0.49190701567567885,-41.599999994039536,3aba3f3d-8f90-41de-a838-475b0465084a,minecraft:glow_squid,true,Glow Squid,[null]
-44.4988580513223,60.82000000000144,-74.55647011535373,bf328a7a-31d0-4ff0-b23d-1ba0f11d8bc3,minecraft:salmon,true,Salmon,[null]
-44.57822470442995,59.27950033916601,-74.40201844965077,7e51d3a2-cbfb-477c-92fe-7f9b43235a3c,minecraft:salmon,true,Salmon,[null]
-44.39037674068679,60.0423603070704,-75.65110120537858,46e78992-7dd5-4821-869d-ffd63ec5083a,minecraft:salmon,true,Salmon,[null]
-43.21145196468475,60.48770401212133,-74.21145196468485,263c0e27-9c48-4f7a-a13d-0afc8b9ccb59,minecraft:salmon,true,Salmon,[null]
-38.09394667909511,55.043529766146094,-51.05037208573868,ab5883eb-aa51-4439-bea2-d42f3583b0c9,minecraft:squid,true,Squid,[null]
-43.798042739741504,55.128733151825145,-60.918767761904746,1fb26fa5-86cd-4f8f-8469-9b9d1d4361e6,minecraft:squid,true,Squid,[null]
-42.14142925804481,54.18938740994781,-52.80065880063921,9ef06870-eccf-453c-92e7-fdf7c4754cec,minecraft:squid,true,Squid,[null]
-46.381593032274395,56.25876132957637,-51.02344256546348,b6208f21-2aa7-40b9-9dfe-34e8bf6221a3,minecraft:squid,true,Squid,[null]
40.5,7.0,-42.5,de9ad51a-a707-478d-bdbc-0441c73c341b,minecraft:skeleton,true,Skeleton,[null]
49.5,13.0,-1.5,3e1c4933-e7cc-45fb-974b-32286ccf76f5,minecraft:creeper,true,Creeper,[null]
-44.5,38.0,-116.5,1a3add81-f375-46ee-a1f0-970519ced047,minecraft:drowned,true,Drowned,[null]
-45.5,38.0,-114.5,866a2dc8-2e54-4788-924c-dca4cb342be6,minecraft:drowned,true,Drowned,[null]
17.57383249581633,2.0,-116.81777994497992,6d8c2d02-b1ab-4faa-b934-21ccb1f2a22b,minecraft:creeper,true,Creeper,[null]
14.5,2.0,-115.5,3529c829-acb3-45fe-b76c-69e25fbec948,minecraft:creeper,true,Creeper,[null]
12.5,2.0,-117.5,3897d078-ad07-4795-a1de-2ab36ffd8b98,minecraft:creeper,true,Creeper,[null]
-54.26398574190112,86.0,51.7973840998558,f09ef023-78f0-45e5-b3d8-364a45fa8b77,minecraft:item,true,Egg,[null]
-50.5,-7.0,-62.5,2a2621be-485c-4e98-93c7-94795abf2038,minecraft:zombie,true,Zombie,[null]
-49.01291168026865,-7.0,-60.54958689663944,f1a4b7b3-3925-4d30-81de-f0f6d2e784f6,minecraft:spider,true,Spider,[null]
-56.30000001192093,-7.0,-56.608931521977134,91f42fb2-2f97-4a19-ab95-84bc4dd1fde4,minecraft:spider,true,Spider,[null]
33.75,2.100000023841858,-76.75,affdf07c-8272-41da-b1c2-b8075d46bace,minecraft:bat,true,Bat,[null]
35.39449589965255,-0.5493266080080023,-73.2798080507244,dacb5f92-fe1f-4c56-9b7c-6447ffbdf0c6,minecraft:bat,true,Bat,[null]
81.18514831339779,50.28567281458527,-115.22983820225856,db69b215-004f-40e9-ab32-edc1a8dea414,minecraft:squid,true,Squid,[null]
79.10412954405383,52.0,-109.24075731771164,f95da565-5cc3-4399-b266-6a7559779932,minecraft:squid,true,Squid,[null]
90.5510022174567,53.97331944783218,-115.20933050708845,c68461cc-9bd7-4ad8-a9bf-b8aed1c9f190,minecraft:squid,true,Squid,[null]
80.61769405263476,52.24606682383455,-118.84693965688348,4afe89b4-06b8-48b8-9d1e-afee8ad1cfd0,minecraft:squid,true,Squid,[null]
-46.14777257189255,54.61119473534951,-30.881842122517867,792a2d83-bc8a-4ddd-a760-af0ca1594739,minecraft:salmon,true,Salmon,[null]
-39.57018475531617,55.22722738283848,-52.64621907007364,66b09f9d-bac3-48cb-b1fd-364f1808c86c,minecraft:salmon,true,Salmon,[null]
-49.5,-3.0,-73.5,cc0876af-b855-4ff2-b5b3-ee16e488f5a7,minecraft:zombie,true,Zombie,[null]
30.75,-5.595565605902113,-32.75,2446a0e2-ab41-4c16-ac55-c409daa067ce,minecraft:bat,true,Bat,[null]
-99.5,80.0,25.19401087910624,11f1eea0-ffbf-4be5-b4e9-5cc6dba58d10,minecraft:creeper,true,Creeper,[null]
-74.03525371119098,67.0,-33.30000001192093,c387fe61-8111-4ede-ac57-4f6fa2730cd9,minecraft:creeper,true,Creeper,[null]
-73.25825299956388,67.0,-33.19075621329511,11e79805-184b-411b-840a-e8a1f80f015b,minecraft:creeper,true,Creeper,[null]
-73.69999998807907,67.0,-33.880214267211215,1a64d5cc-8f26-4952-b5a3-584770170836,minecraft:creeper,true,Creeper,[null]
-74.69999998807907,67.0,-33.69999998807907,f08f3c44-38a0-4883-a455-c1f70d721d23,minecraft:skeleton,true,Skeleton,[null]
-3.7891923275528128,21.451196812732693,-146.95625575886734,f218ab61-5520-4e61-9d43-7a862ced3d61,minecraft:bat,true,Bat,[null]
19.546732444525187,-6.879981049286892,-42.05582957760922,273c2eab-d79a-4265-abf0-f9cb3f05e756,minecraft:bat,true,Bat,[null]
11.25,-7.760569441432596,-34.217077789354676,9e0c57af-78d2-431d-8a9c-2de248e91ff3,minecraft:bat,true,Bat,[null]
12.932190285192078,-8.668753158400138,-35.01543805800214,c0fb0c6a-1872-4b8b-b680-9771f9d6edbb,minecraft:bat,true,Bat,[null]
14.764205265991917,-8.522344070555317,-54.490341382044946,08301d21-483b-46e7-b423-77c10eee9a95,minecraft:bat,true,Bat,[null]
30.312749733661875,22.0,-110.5,de59165d-3f14-4f79-8d08-641e95b877e6,minecraft:skeleton,true,Skeleton,[null]
10.5,6.0,-67.5,2ce66410-8016-4a50-bbc5-ac6834dc874d,minecraft:enderman,true,Enderman,[null]
34.069270521485876,22.0,-87.50780359585112,fe7d90f8-157c-4359-a00a-af00be45c1f4,minecraft:zombie,true,Zombie,[null]
28.5,21.0,-90.5,9c8be1f0-f039-451a-9a12-6bdfa3898a6a,minecraft:zombie,true,Zombie,[null]
33.5,21.0,-84.5,2ff1efe6-648a-4fef-8a91-e52a9aa95240,minecraft:creeper,true,Creeper,[null]
31.5,22.0,-75.98911970857176,46738d28-5405-4cae-b054-9fa52eff8ed4,minecraft:creeper,true,Creeper,[null]
10.474035821477468,3.0,35.05336383836663,9b856c8a-96ee-40ed-96d4-58d34de9ea98,minecraft:axolotl,true,Axolotl,[null]
-38.51333409424269,57.16870748995132,-63.48666590575731,e73f3bf7-ccef-4549-959c-c5b78df12bf4,minecraft:salmon,true,Salmon,[null]
-48.5,51.14000000000007,-58.5,f03e979c-0e29-4f5a-80c9-cae1cd1dd3eb,minecraft:salmon,true,Salmon,[null]
-49.5,51.0927821123729,-53.36540206416989,8a5734bb-0675-4e2d-8fe0-77a655e30548,minecraft:salmon,true,Salmon,[null]
-45.02207349633553,51.092013056820974,-51.02207349633553,03c893c2-5ec1-4bf3-9f6d-0c408d24e63d,minecraft:salmon,true,Salmon,[null]
-42.02222383574197,51.09201737636545,-51.02152975860594,3759ab08-7a00-4580-a162-9addc4fcd353,minecraft:salmon,true,Salmon,[null]
